 <?xml version="1.0" encoding="UTF-8"?>
<java version="1.8.0_111" class="java.beans.XMLDecoder">
 <object class="Professor">
  <void property="nome">
   <string>Anaful das aves</string>
  </void>
  <void property="CPF">
   <string>456987123</string>
  </void>
  <void property="senha">
   <string>senha123</string>
  </void>
    <void property="email">
   <string>anaful.aves@uniriotec.br</string>
  </void>  
  <void property="mae">
   <string>Ana ful</string>
  </void> 
  <void property="pai">
   <string>Dasa ves</string>
  </void> 
  <void property="rg">
   <string>1478520</string>
  </void> 
  <void property="sexo">
   <string>Feminino</string>
  </void> 
  <void property="nacionalidade">
   <string>Brasileira</string>
  </void> 
  <void property="nascimento">
   <string>08/09/1995</string>
  </void> 
  <void property="tipoEndereco">
   <string>Residencial</string>
  </void> 
  <void property="tipoLogradouro">
   <string>Rua</string>
  </void> 
  <void property="logradouro">
   <string>das madereiras</string>
  </void> 
  <void property="numero">
   <string>12</string>
  </void> 
  <void property="complemento">
   <string>96</string>
  </void> 
  <void property="bairro">
   <string>Bosque</string>
  </void> 
  <void property="pais">
   <string>Brasil</string>
  </void> 
  <void property="estado">
   <string>Rio de Janeiro</string>
  </void> 
  <void property="cep">
   <string>33333-000</string>
  </void> 
  <void property="telefone">
   <string>9-2222-4545</string>
  </void>
 </object>
  </java>